Product name,Brand,Category/type,Ingredients,Size/packaging,Product image URL,Product page URL
"Anua – Heartleaf LHA Moisture Peeling Gel, 120ml",Anua,exfoliants;cleanser,Heartleaf (Houttuynia Cordata) Extract;LHA (Lipo Hydroxy Acid);Panthenol (Vitamin B5);Allantoin;Hyaluronic Acid;Centella Asiatica Extract,120 ml,https://qudobeauty.com/wp-content/uploads/2025/04/anua-us-cleanser-200ml-heartleaf-lha-moisture-peeling-gel-1161189356-300x300.webp,https://qudobeauty.com/product/anua-heartleaf-lha-moisture-peeling-gel-120ml/
"Anua – Rice Enzyme Brightening Cleansing Powder, 40g",Anua,cleanser,Rice Powder & Rice Enzyme Extract;Papain (Enzyme from Papaya);Niacinamide (Vitamin B3);Panthenol (Vitamin B5);Allantoin;Hyaluronic Acid,40 g,https://qudobeauty.com/wp-content/uploads/2025/04/Anua-Rice-Enzyme-Brightening-Cleansing-Powder-40g-300x300.jpg,https://qudobeauty.com/product/anua-rice-enzyme-brightening-cleansing-powder-40g/
Anua – Heartleaf 77% Clear Toner Pads – 160ml,Anua,exfoliants;cleanser,Heartleaf (Houttuynia Cordata) Extract (77%);Centella Asiatica Extract;Panthenol (Vitamin B5);Allantoin;Hyaluronic Acid,160 ml (70 pads),https://qudobeauty.com/wp-content/uploads/2025/04/ANUA_Heartleaf_77_Clear_Pad_grande-300x300.webp,https://qudobeauty.com/product/anua-heartleaf-77-clear-toner-pads-160ml/
"Anua – Heartleaf Quercetinol Pore Deep Cleansing Foam, 150 ml",Anua,cleanser,Heartleaf (Houttuynia Cordata) Extract;Quercetinol (Flavonoid Complex);Panthenol (Vitamin B5);Centella Asiatica Extract;Allantoin;Glycerin,150 ml,https://qudobeauty.com/wp-content/uploads/2025/04/anua-us-cleanser-150ml-heartleaf-quercetinol-pore-deep-cleansing-foam-1161173162-300x300.webp,https://qudobeauty.com/product/anua-heartleaf-quercetinol-pore-deep-cleansing-foam-150-ml/
"APLB – Glutathione Niacinamide Facial Cleanser, 80ml",APLB,cleanser,Glutathione;Niacinamide (Vitamin B3);Panthenol (Vitamin B5);Hyaluronic Acid;Allantoin;Adenosine,80 ml,https://qudobeauty.com/wp-content/uploads/2025/04/res_1378ca8c16a4c7bdec29f75ef7e28d36-300x300.avif,https://qudobeauty.com/product/aplb-glutathione-niacinamide-facial-cleanser-80-ml/
"AXIS-Y – Quinoa One Step Balanced Gel Cleanser, 180ml",AXIS-Y,cleanser,Quinoa Extract;Centella Asiatica Extract;Green Tea Extract;Calendula Extract;Aloe Vera Leaf Extract;Hyaluronic Acid,180 ml,https://qudobeauty.com/wp-content/uploads/2025/04/buy-axis-y-quinoa-one-step-balanced-gel-cleanser-180ml-at-lila-beauty-korean-and-japanese-beauty-skin-care-810850-300x300.webp,https://qudobeauty.com/product/axis-y-quinoa-one-step-balanced-gel-cleanser-180ml/
"AXIS-Y – Biome Resetting Moringa Cleansing Oil, 200ml",AXIS-Y,cleanser,Moringa Oleifera Seed Oil;Jojoba Seed Oil;Sunflower Seed Oil;Centella Asiatica Extract;Green Tea Extract;Probiotics + Prebiotics (Biome Complex),200 ml,https://qudobeauty.com/wp-content/uploads/2025/04/Axis-Y-Biome-Resetting-Moringa-Cleansing-Oil-200ml-300x300.jpg,https://qudobeauty.com/product/axis-y-gesicht-reinigung-biome-resetting-moringa-cleansing-oil-200-ml/
"Beauty of Joseon – Red Bean Water Gel, 100ml",Beauty of Joseon,exfoliants;cleanser,Red Bean Extract (Haenam Red Bean 44%);Peptide Complex;Niacinamide (Vitamin B3);Panthenol (Vitamin B5);Hyaluronic Acid;Allantoin,100 ml,https://qudobeauty.com/wp-content/uploads/2025/04/K-Beauty-of-Joseon-Red-Bean-Water-Gel-100ml-mit-EAN-8809738316993-300x300.webp,https://qudobeauty.com/product/beauty-of-joseon-red-bean-water-gel-100-ml/
"Beauty of Joseon – Radiance Cleansing Balm, 100ml",Beauty of Joseon,cleanser,Rice Bran Water (30%);Fermented Grain Extracts;Oat Kernel Oil;Jojoba Seed Oil;Ginseng Seed Oil;Tocopherol (Vitamin E),100 ml,https://qudobeauty.com/wp-content/uploads/2025/04/beauty-of-joseon-balsamo-desmaquillante-radiance-1-84657-300x300.webp,https://qudobeauty.com/product/beauty-of-joseon-radiance-cleansing-balm-100-ml/
"Beauty of Joseon – Green Plum Refreshing Cleanser, 100ml",Beauty of Joseon,cleanser,Green Plum Water (24%);Mung Bean Seed Extract (3%);Centella Asiatica Extract;Houttuynia Cordata Extract (Heartleaf);Panthenol (Vitamin B5),100 ml,https://qudobeauty.com/wp-content/uploads/2025/04/K-Beauty-of-Joseon-Green-Plum-Refreshing-Cleanser-mit-EAN-8809738314678-300x300.webp,https://qudobeauty.com/product/beauty-of-joseon-green-plum-refreshing-cleanser-100ml/
"Beauty of Joseon – Ginseng Cleansing Oil, 210ml",Beauty of Joseon,cleanser,Soybean Oil (50%);Ginseng Seed Oil;Ginseng Root Extract;Jojoba Seed Oil;Black Sesame Oil;Tocopherol (Vitamin E),210 ml,https://qudobeauty.com/wp-content/uploads/2025/04/beauty-of-joseon-ulei-de-curatare-cu-extract-de-ginseng-210ml-8205-300x300.jpg,https://qudobeauty.com/product/beauty-of-joseon-ginseng-cleansing-oil-210ml/
"COSRX – Low-pH Good Morning Cleanser, 150ml",COSRX,cleanser,Betaine Salicylate (BHA-type exfoliant);Tea Tree Leaf Oil,150 ml,https://qudobeauty.com/wp-content/uploads/2025/04/8809416470511-300x300.avif,https://qudobeauty.com/product/low-ph-good-morning-gel-cleanser-150ml/
"Dr. Althea – Pure Grinding Cleansing Balm, 50ml",Dr. Althea,cleanser,Ground Botanical Complex;Jojoba Oil & Plant-Based Oils;Centella Asiatica Extract;Green Tea Extract;Hyaluronic Acid,50 ml,https://qudobeauty.com/wp-content/uploads/2025/04/dr-althea-pure-grinding-cleansing-balm-50-ml-300x300.webp,https://qudobeauty.com/product/dr-althea-pure-grinding-cleansing-balm-50-ml/
"Heimish – All Clean Balm Mandarin, 120ml",Heimish,cleanser,"Mandarin Extract;Botanical Oils (Coconut, Shea Butter, Citrus Oils);White Flower Complex;Aromatherapeutic Plant Extracts;Balm-to-Oil-to-Milk Texture",120 ml,https://qudobeauty.com/wp-content/uploads/2025/04/Add-a-subheading-57-300x300.jpg,https://qudobeauty.com/product/heimish-all-clean-balm-mandarin-120ml/
"Heimish – All Clean Green Foam PH 5.5, 150ml",Heimish,cleanser,Centella Asiatica Extract;Witch Hazel Extract;Amino Acid–Based Cleansers;Glycerin;Low-pH 5.5 Formula,150 ml,https://qudobeauty.com/wp-content/uploads/2025/04/Product-page-sizes-v2_925f123a-5a41-48a7-ba7f-d5fac7b42f4a-300x300.webp,https://qudobeauty.com/product/heimish-all-clean-green-foam-ph-5-5/
Medicube – Zero Pore Pad 2.0 70 Pcs,Medicube,exfoliants;cleanser,AHA & BHA acids;niacinamide;panthenol;moisturizing agents,70 pcs,https://qudobeauty.com/wp-content/uploads/2025/04/cnuuCkYhPP20241120181022-300x300.jpg,https://qudobeauty.com/product/medicube-zero-pore-pad-2-0-70-pcs/
"Medicube – Deep Vita C Pad, 150g",Medicube,exfoliants;cleanser,stabilized vitamin C;niacinamide;hyaluronic acid;panthenol,150 g,https://qudobeauty.com/wp-content/uploads/2025/04/Group-4-1-300x300.webp,https://qudobeauty.com/product/medicube-deep-vita-c-pad-150g/
Numbuzin – No.4 Pore Zero Peeled Egg Toner Pad – 190ml/70pads,Numbuzin,cleanser,"Anti Sebum P complex (evening primrose extract, arrowroot extract, longleaf pine needle extract, ulmus root extract);PHA & LHA;2% niacinamide;hyaluronic acid, betaine & panthenol",190 ml (70 pads),https://qudobeauty.com/wp-content/uploads/2025/04/images-84.jpeg,https://qudobeauty.com/product/numbuzin-no-4-pore-zero-peeled-egg-toner-pad-190ml-70pads/
Numbuzin – No.1 Easy Peasy Cleansing Oil – 200ml,Numbuzin,cleanser,"plant-derived oils (jojoba, olive, sunflower);meadowfoam seed oil;vitamin E;humectants",200 ml,https://qudobeauty.com/wp-content/uploads/2025/04/Numbuzin-No.1-Easy-Peasy-Cleansing-Oil-2-300x300.jpg,https://qudobeauty.com/product/numbuzin-no-1-easy-peasy-cleansing-oil-200ml/
Numbuzin – No.3 Radiance Glowing Jumbo Essence Pad – 150ml/70pads,Numbuzin,cleanser,"niacinamide;PHA (polyhydroxy acid);humectants (hyaluronic acid, glycerin);plant extracts (licorice, green tea, chamomile);large 100 mm diameter dual-texture pad",150 ml (70 pads),https://qudobeauty.com/wp-content/uploads/2025/04/Numbuzin-No.3-Radiance-Glowing-Jumbo-Essence-Pad-300x300.jpg,https://qudobeauty.com/product/numbuzin-no-3-radiance-glowing-jumbo-essence-pad-150ml-70pads/
Pyunkang Yul – Low PH Pore Deep Cleansing Foam – 40ml,Pyunkang Yul,cleanser;under-5,white willow bark extract (natural BHA);centella asiatica (cica);tea tree extract;witch hazel extract;hyaluronic acid,40 ml,https://qudobeauty.com/wp-content/uploads/2025/04/Pyunkang_Yul_Low_pH_Pore_Deep_Cleansing_Foam__55191__78214-300x300.jpg,https://qudobeauty.com/product/pyunkang-yul-low-ph-pore-deep-cleansing-foam-40ml/
Pyunkang Yul – Calming Acne Cleansing Foam – 100ml,Pyunkang Yul,cleanser;under-5,white willow bark extract (natural BHA);tea tree extract;centella asiatica (cica);hyaluronic acid;honeysuckle extract,100 ml,https://qudobeauty.com/wp-content/uploads/2025/04/Pyunkang-Yul-Calming-Acne-Cleansing-Foam-100ml-300x300.jpg,https://qudobeauty.com/product/pyunkang-yul-calming-acne-cleansing-foam-100ml/
Pyunkang Yul – Calming Low PH Foaming Cleanser – 150ml,Pyunkang Yul,cleanser,centella asiatica (cica);tea tree extract;hyaluronic acid;witch hazel extract;camellia extract,150 ml,https://qudobeauty.com/wp-content/uploads/2025/04/Pyunkang-Yul-Calming-Low-pH-Foaming-Cleanser-300x300.jpg,https://qudobeauty.com/product/pyunkang-yul-calming-low-ph-foaming-cleanser-150ml/
SKIN1004 – Madagascar Centella Tea-Trica BHA Foam – 125ml,SKIN1004,cleanser,Centella Asiatica Extract;Tea Tree Leaf Water & Oil;Salicylic Acid (BHA);Mineral-rich extracts & humectants;Mild foaming agents,125 ml,https://qudobeauty.com/wp-content/uploads/2025/04/Add-a-subheading-245-300x300.jpg,https://qudobeauty.com/product/skin1004-madagascar-centella-tea-trica-bha-foam-125ml/
"SKIN1004 – Madagascar Centella Poremizing Deep Cleansing Foam, 125ml",SKIN1004,cleanser,"Centella Asiatica Extract;Himalayan Pink Salt;Kaolin Clay;Papain (Papaya Enzyme);Humectants (Glycerin, Sorbitol)",125 ml,https://qudobeauty.com/wp-content/uploads/2025/04/Add-a-subheading-241-300x300.jpg,https://qudobeauty.com/product/skin1004-madagascar-centella-poremizing-deep-cleansing-foam-125ml/
SKIN1004 – Madagasar Centella Quick Calming Pad 70 Pcs,SKIN1004,moisturizer;cleanser,Centella Asiatica Extract (≈49%);Panthenol;Sodium Hyaluronate;Triple-layer large pads;EWG Green Grade minimal formula,,https://qudobeauty.com/wp-content/uploads/2025/04/SKIN1004-Madagascar-Centella-Quick-Calming-Pad-70-pads-Korean-Toner-for-Sensitive-Acne-Prone-Skin-PURESEOUL-UK-KBeauty-Shop-300x300.webp,https://qudobeauty.com/product/skin1004-madagasar-centella-quick-calming-pad-70-pcs/
"TOCOBO – Coconut Clay Cleansing Foam, 150ml",TOCOBO,cleanser,"Pink & Mineral Clay (10,000 ppm);Coconut-derived surfactants (27%);Saponaria Officinalis Leaf Extract",,https://qudobeauty.com/wp-content/uploads/2025/04/tocobo-coconut-clay-cleansing-foam-150ml-300x300.webp,https://qudobeauty.com/product/tocobo-coconut-clay-cleansing-foam-150ml/
"Medicube – Zero Pore Mild Pad, 155g",Medicube,exfoliants;cleanser,PHA acids;niacinamide;panthenol;hyaluronic acid,155 g,https://qudobeauty.com/wp-content/uploads/2025/04/Medicube-Zero-Pore-Pad-Mild-70-pads-1-300x300.jpg,https://qudobeauty.com/product/medicube-zero-pore-mild-pad-155g/
"SKIN1004 – Madagascar Centella Gentle Cleansing Oil, 200ml",SKIN1004,cleanser,Centella Asiatica Extract;Sunflower Seed Oil;Olive Fruit Oil;Jojoba Seed Oil;Bergamot Fruit Oil;Micellar oil technology,200 ml,https://qudobeauty.com/wp-content/uploads/2025/06/51aIyQjJ4NL.jpg_BO30255255255_UF900850_SR191010000C_PIRIOFOURANDHALF-mediumBottomLeft30-20_ZJPHNwYW4gZm9yZWdyb3VuZD0iIzU2NTk1OSIgZm9udD0iQW1hem9uRW1iZXIgNTAiID44wqA5NjI8L3NwYW4500900420-300x300.jpg,https://qudobeauty.com/product/skin1004-madagascar-centella-gentle-cleansing-oil-200ml/
SKIN1004 – Madagascar Centella Ampoule Cleansing Foam 20ml,SKIN1004,cleanser,Centella Asiatica Extract;Mild surfactants;Ampoule concentrate;Glycerin & Humectants;Plant-derived soothing extracts,20 ml,https://qudobeauty.com/wp-content/uploads/2025/06/spuma-de-curatare-cu-centella-120-ml-skin1004-8809576261219-949-300x300.webp,https://qudobeauty.com/product/skin1004-madagascar-centella-ampoule-cleansing-foam-20ml/
